{
  "training_date": "20251211",
  "data": {
    "stations": 200,
    "train_rows": 9181229,
    "test_rows": 2295308,
    "features": 54
  },
  "models": {
    "xgb": {
      "mae": 2.708813428878784,
      "r2": 0.7732714414596558
    },
    "lgb": {
      "mae": 2.6655247682910397,
      "r2": 0.7794854704318349
    },
    "cb": {
      "mae": 2.6741970597336002,
      "r2": 0.7786469496852344
    },
    "rf": {
      "mae": 2.697694878964355,
      "r2": 0.7746508116364311
    }
  },
  "ensemble": {
    "mae": 2.6628287999776483,
    "r2": 0.7805809391950492
  }
}