{
  "type": "4-model-tree",
  "models": [
    "xgb",
    "lgb",
    "cb",
    "rf"
  ],
  "weights": {
    "xgb": 0.24793554691677566,
    "lgb": 0.25196207027374984,
    "cb": 0.25114496949281395,
    "rf": 0.24895741331666066
  },
  "metrics": {
    "mae": 2.6628287999776483,
    "r2": 0.7805809391950492
  }
}