{
  "training_date": "2025-12-09T19:51:36.272555",
  "n_features": 56,
  "train_size": 23196000,
  "test_size": 5799000,
  "xgb": {
    "mae": 0.020997123791764317,
    "r2": 0.9998330242701203
  },
  "lgb": {
    "mae": 0.05161880590894896,
    "r2": 0.9993804147977838
  },
  "cb": {
    "mae": 0.014191628894926825,
    "r2": 0.9999183942989
  },
  "ensemble": {
    "mae": 0.018897654250932622,
    "r2": 0.999904186872536
  }
}